,upstream_context,ins1,helix1,ribozyme,helix2,ins2,downstream_context
test0,ACGAUCGAUGCGCGGCGGCGUAUGCUGUAGCGUAUGCGAUGCA,CGAACAGAUUUGCAAGCCACCUGUGGUGC,UCCUAAAGGC,GGGACGGGCCAUCAUCUAUCCCUGAAGAGACGAAGGCUUCGGCCAAGUCGAAACGGAAACGUCGGAUAGUCGCCCGUCCC,GCCUUUAGGA,GCACUGCCCACUCUAACAU,GAGCUUCAGCAGCUaCGugACguuCgagugggguCAugUgguUGCguugUACUCUGaCUCUGaCUGUCGUCAUCGCUAGCUAGUCauCG
test1,ACGAUCGAUGCGCGGCGGCGUAUGCUGUAGCGUAUGCGAUGCA,CCCUACUUGCUAGGAGUCUG,GUCACACCUUCG,GGGACGGGCCAUCAUCUAUCCCUGAAGAGACGAAGGCUUCGGCCAAGUCGAAACGGAAACGUCGGAUAGUCGCCCGUCCC,CGAAGGUGUGAC,GAUUAGAUUAUACCGUCAGG,GAGCUUCAGCAGCUaCGugACguuCgagugggguCAugUgguUGCguugUACUCUGaCUCUGaCUGUCGUCAUCGCUAGCUAGUCauCG
test2,ACGAUCGAUGCGCGGCGGCGUAUGCUGUAGCGUAUGCGAUGCA,AGCCAUUAUACGCCGUGUGUGAU,ACGUAUUUUA,GGGACGGGCCAUCAUCUAUCCCUGAAGAGACGAAGGCUUCGGCCAAGUCGAAACGGAAACGUCGGAUAGUCGCCCGUCCC,UAAAAUACGU,UUCACAUGGAGUGACUCGGUUUAAUCGUCA,GAGCUUCAGCAGCUaCGugACguuCgagugggguCAugUgguUGCguugUACUCUGaCUCUGaCUGUCGUCAUCGCUAGCUAGUCauCG
test3,ACGAUCGAUGCGCGGCGGCGUAUGCUGUAGCGUAUGCGAUGCA,GACCACGUGUGCGUUGUCUG,CUCCGGACCG,GGGACGGGCCAUCAUCUAUCCCUGAAGAGACGAAGGCUUCGGCCAAGUCGAAACGGAAACGUCGGAUAGUCGCCCGUCCC,CGGUCCGGAG,UCUCAAUGAAGAGAACCU,GAGCUUCAGCAGCUaCGugACguuCgagugggguCAugUgguUGCguugUACUCUGaCUCUGaCUGUCGUCAUCGCUAGCUAGUCauCG
test4,ACGAUCGAUGCGCGGCGGCGUAUGCUGUAGCGUAUGCGAUGCA,AACUCCAUCACCGUGCCGU,GUAUUUAGCUGAUG,GGGACGGGCCAUCAUCUAUCCCUGAAGAGACGAAGGCUUCGGCCAAGUCGAAACGGAAACGUCGGAUAGUCGCCCGUCCC,CAUCAGCUAAAUAC,AACGCGCCGGGUUCGGCAC,GAGCUUCAGCAGCUaCGugACguuCgagugggguCAugUgguUGCguugUACUCUGaCUCUGaCUGUCGUCAUCGCUAGCUAGUCauCG
test5,ACGAUCGAUGCGCGGCGGCGUAUGCUGUAGCGUAUGCGAUGCA,UCUCGUGCCCGCCAACAU,AAGGAUGCCGCCG,GGGACGGGCCAUCAUCUAUCCCUGAAGAGACGAAGGCUUCGGCCAAGUCGAAACGGAAACGUCGGAUAGUCGCCCGUCCC,CGGCGGCAUCCUU,GCCUUCCCAUGCAUCCAGAG,GAGCUUCAGCAGCUaCGugACguuCgagugggguCAugUgguUGCguugUACUCUGaCUCUGaCUGUCGUCAUCGCUAGCUAGUCauCG
test6,ACGAUCGAUGCGCGGCGGCGUAUGCUGUAGCGUAUGCGAUGCA,UCGGCUGAUUUGGACG,GUCCCGAAGA,GGGACGGGCCAUCAUCUAUCCCUGAAGAGACGAAGGCUUCGGCCAAGUCGAAACGGAAACGUCGGAUAGUCGCCCGUCCC,UCUUCGGGAC,AAUUCGGCGGUGGAUGCGGCUA,GAGCUUCAGCAGCUaCGugACguuCgagugggguCAugUgguUGCguugUACUCUGaCUCUGaCUGUCGUCAUCGCUAGCUAGUCauCG
test7,ACGAUCGAUGCGCGGCGGCGUAUGCUGUAGCGUAUGCGAUGCA,AUAUACACGAGAUGCAACCGUAUUC,UUUAUACUUGUG,GGGACGGGCCAUCAUCUAUCCCUGAAGAGACGAAGGCUUCGGCCAAGUCGAAACGGAAACGUCGGAUAGUCGCCCGUCCC,CACAAGUAUAAA,AAGCCACCAAAACUGUCAUGUGCACUGA,GAGCUUCAGCAGCUaCGugACguuCgagugggguCAugUgguUGCguugUACUCUGaCUCUGaCUGUCGUCAUCGCUAGCUAGUCauCG
test8,ACGAUCGAUGCGCGGCGGCGUAUGCUGUAGCGUAUGCGAUGCA,UCUUUGGCGUAGAGGAGUU,AGCGCCGCUCCCG,GGGACGGGCCAUCAUCUAUCCCUGAAGAGACGAAGGCUUCGGCCAAGUCGAAACGGAAACGUCGGAUAGUCGCCCGUCCC,CGGGAGCGGCGCU,ACGUCAUACGUAUCGUGAUCA,GAGCUUCAGCAGCUaCGugACguuCgagugggguCAugUgguUGCguugUACUCUGaCUCUGaCUGUCGUCAUCGCUAGCUAGUCauCG
test9,ACGAUCGAUGCGCGGCGGCGUAUGCUGUAGCGUAUGCGAUGCA,GUAGCAGCGACAACUGGGCUCGGCAGACA,GCUGCGUACC,GGGACGGGCCAUCAUCUAUCCCUGAAGAGACGAAGGCUUCGGCCAAGUCGAAACGGAAACGUCGGAUAGUCGCCCGUCCC,GGUACGCAGC,GUCGUGAUGGACUGACACGU,GAGCUUCAGCAGCUaCGugACguuCgagugggguCAugUgguUGCguugUACUCUGaCUCUGaCUGUCGUCAUCGCUAGCUAGUCauCG
test10,ACGAUCGAUGCGCGGCGGCGUAUGCUGUAGCGUAUGCGAUGCA,GGCGUGAAGUACGACCGGAGG,UCAGAUCGUUU,GGGACGGGCCAUCAUCUAUCCCUGAAGAGACGAAGGCUUCGGCCAAGUCGAAACGGAAACGUCGGAUAGUCGCCCGUCCC,AAACGAUCUGA,GACCCGUAAAUAGUCUUCAUGACCU,GAGCUUCAGCAGCUaCGugACguuCgagugggguCAugUgguUGCguugUACUCUGaCUCUGaCUGUCGUCAUCGCUAGCUAGUCauCG
test11,ACGAUCGAUGCGCGGCGGCGUAUGCUGUAGCGUAUGCGAUGCA,GUCGAGAUGGAAUUUUUAGUUGCUCCGAC,AUCAGGCACUAUGG,GGGACGGGCCAUCAUCUAUCCCUGAAGAGACGAAGGCUUCGGCCAAGUCGAAACGGAAACGUCGGAUAGUCGCCCGUCCC,CCAUAGUGCCUGAU,AAGUACACAUUGCUAAGCGU,GAGCUUCAGCAGCUaCGugACguuCgagugggguCAugUgguUGCguugUACUCUGaCUCUGaCUGUCGUCAUCGCUAGCUAGUCauCG
test12,ACGAUCGAUGCGCGGCGGCGUAUGCUGUAGCGUAUGCGAUGCA,CAAGAGCACACCCCUAGACUGGUA,UGUCCAAUGACAUCG,GGGACGGGCCAUCAUCUAUCCCUGAAGAGACGAAGGCUUCGGCCAAGUCGAAACGGAAACGUCGGAUAGUCGCCCGUCCC,CGAUGUCAUUGGACA,CUUUACUGUCUUGCUUUCAGGAA,GAGCUUCAGCAGCUaCGugACguuCgagugggguCAugUgguUGCguugUACUCUGaCUCUGaCUGUCGUCAUCGCUAGCUAGUCauCG
test13,ACGAUCGAUGCGCGGCGGCGUAUGCUGUAGCGUAUGCGAUGCA,ACAGGUUGCCCACAUGG,GGCUAUAGGCCC,GGGACGGGCCAUCAUCUAUCCCUGAAGAGACGAAGGCUUCGGCCAAGUCGAAACGGAAACGUCGGAUAGUCGCCCGUCCC,GGGCCUAUAGCC,AAUUGGGCGGAUUCACAUUAGAUGUACUAA,GAGCUUCAGCAGCUaCGugACguuCgagugggguCAugUgguUGCguugUACUCUGaCUCUGaCUGUCGUCAUCGCUAGCUAGUCauCG
test14,ACGAUCGAUGCGCGGCGGCGUAUGCUGUAGCGUAUGCGAUGCA,AAGCAUGAACCUUCGGUGAGCGCCCUUGAA,CGACUAUUGUA,GGGACGGGCCAUCAUCUAUCCCUGAAGAGACGAAGGCUUCGGCCAAGUCGAAACGGAAACGUCGGAUAGUCGCCCGUCCC,UACAAUAGUCG,CGAGACGGCUUUAUAGCAGAAUUACUA,GAGCUUCAGCAGCUaCGugACguuCgagugggguCAugUgguUGCguugUACUCUGaCUCUGaCUGUCGUCAUCGCUAGCUAGUCauCG
test15,ACGAUCGAUGCGCGGCGGCGUAUGCUGUAGCGUAUGCGAUGCA,GCGGUUUCGCGCACCUAUC,UCAGCUCGCCAA,GGGACGGGCCAUCAUCUAUCCCUGAAGAGACGAAGGCUUCGGCCAAGUCGAAACGGAAACGUCGGAUAGUCGCCCGUCCC,UUGGCGAGCUGA,CGGUUGUCGCCCUUACUGGUAAGCCUC,GAGCUUCAGCAGCUaCGugACguuCgagugggguCAugUgguUGCguugUACUCUGaCUCUGaCUGUCGUCAUCGCUAGCUAGUCauCG
test16,ACGAUCGAUGCGCGGCGGCGUAUGCUGUAGCGUAUGCGAUGCA,CUCUUAGGGAGCGAUUA,CCCAGUACAUACA,GGGACGGGCCAUCAUCUAUCCCUGAAGAGACGAAGGCUUCGGCCAAGUCGAAACGGAAACGUCGGAUAGUCGCCCGUCCC,UGUAUGUACUGGG,GCACAUGGGAACUCUGAAC,GAGCUUCAGCAGCUaCGugACguuCgagugggguCAugUgguUGCguugUACUCUGaCUCUGaCUGUCGUCAUCGCUAGCUAGUCauCG
test17,ACGAUCGAUGCGCGGCGGCGUAUGCUGUAGCGUAUGCGAUGCA,CAAGUACAUUCCGUCUGAAU,UAUUUAUUGAG,GGGACGGGCCAUCAUCUAUCCCUGAAGAGACGAAGGCUUCGGCCAAGUCGAAACGGAAACGUCGGAUAGUCGCCCGUCCC,CUCAAUAAAUA,ACAUCAAGCAUGGAUUUCGGUCGGUCU,GAGCUUCAGCAGCUaCGugACguuCgagugggguCAugUgguUGCguugUACUCUGaCUCUGaCUGUCGUCAUCGCUAGCUAGUCauCG
test18,ACGAUCGAUGCGCGGCGGCGUAUGCUGUAGCGUAUGCGAUGCA,GUCUUACGGAAAGUGACUGGUGGUA,CGGGUGGCGU,GGGACGGGCCAUCAUCUAUCCCUGAAGAGACGAAGGCUUCGGCCAAGUCGAAACGGAAACGUCGGAUAGUCGCCCGUCCC,ACGCCACCCG,GCAACAAGCUGUACCGCGCCUGAGUUAGA,GAGCUUCAGCAGCUaCGugACguuCgagugggguCAugUgguUGCguugUACUCUGaCUCUGaCUGUCGUCAUCGCUAGCUAGUCauCG
test19,ACGAUCGAUGCGCGGCGGCGUAUGCUGUAGCGUAUGCGAUGCA,GACUGUCACACUUAGAACACGACAGUUUAG,GUUUGAACUCUUAA,GGGACGGGCCAUCAUCUAUCCCUGAAGAGACGAAGGCUUCGGCCAAGUCGAAACGGAAACGUCGGAUAGUCGCCCGUCCC,UUAAGAGUUCAAAC,CCACCACAAGCACGGAAAG,GAGCUUCAGCAGCUaCGugACguuCgagugggguCAugUgguUGCguugUACUCUGaCUCUGaCUGUCGUCAUCGCUAGCUAGUCauCG
test20,ACGAUCGAUGCGCGGCGGCGUAUGCUGUAGCGUAUGCGAUGCA,UCCGCGUCCGAUCGUAGGAAUGCAU,GUUGUGACCCCA,GGGACGGGCCAUCAUCUAUCCCUGAAGAGACGAAGGCUUCGGCCAAGUCGAAACGGAAACGUCGGAUAGUCGCCCGUCCC,UGGGGUCACAAC,AGUUCGAUUUGUGAAC,GAGCUUCAGCAGCUaCGugACguuCgagugggguCAugUgguUGCguugUACUCUGaCUCUGaCUGUCGUCAUCGCUAGCUAGUCauCG
test21,ACGAUCGAUGCGCGGCGGCGUAUGCUGUAGCGUAUGCGAUGCA,CUUCCCUACUAAGAGUGGGCUUACACCCC,AUCAAUCGCG,GGGACGGGCCAUCAUCUAUCCCUGAAGAGACGAAGGCUUCGGCCAAGUCGAAACGGAAACGUCGGAUAGUCGCCCGUCCC,CGCGAUUGAU,ACGGGAUAUUCCAAAUUGAUGGGAUCAU,GAGCUUCAGCAGCUaCGugACguuCgagugggguCAugUgguUGCguugUACUCUGaCUCUGaCUGUCGUCAUCGCUAGCUAGUCauCG
test22,ACGAUCGAUGCGCGGCGGCGUAUGCUGUAGCGUAUGCGAUGCA,GCGGUUCAGUGCCAACCUGUAGC,AUUGCACGGUGAG,GGGACGGGCCAUCAUCUAUCCCUGAAGAGACGAAGGCUUCGGCCAAGUCGAAACGGAAACGUCGGAUAGUCGCCCGUCCC,CUCACCGUGCAAU,UGCUGGGUAAUACGUUGAA,GAGCUUCAGCAGCUaCGugACguuCgagugggguCAugUgguUGCguugUACUCUGaCUCUGaCUGUCGUCAUCGCUAGCUAGUCauCG
test23,ACGAUCGAUGCGCGGCGGCGUAUGCUGUAGCGUAUGCGAUGCA,CUACAGCAAUCCUUUGAGAG,AUCUUAGCCGCUAC,GGGACGGGCCAUCAUCUAUCCCUGAAGAGACGAAGGCUUCGGCCAAGUCGAAACGGAAACGUCGGAUAGUCGCCCGUCCC,GUAGCGGCUAAGAU,CGGAGUUCACGGAACGAUUUCGA,GAGCUUCAGCAGCUaCGugACguuCgagugggguCAugUgguUGCguugUACUCUGaCUCUGaCUGUCGUCAUCGCUAGCUAGUCauCG
test24,ACGAUCGAUGCGCGGCGGCGUAUGCUGUAGCGUAUGCGAUGCA,UCCCUACGAGCCAGCACGCUGAAAACAUA,ACGGCAAUUCGCU,GGGACGGGCCAUCAUCUAUCCCUGAAGAGACGAAGGCUUCGGCCAAGUCGAAACGGAAACGUCGGAUAGUCGCCCGUCCC,AGCGAAUUGCCGU,AUAUGAGACAAACGCGCUACGGUGGGA,GAGCUUCAGCAGCUaCGugACguuCgagugggguCAugUgguUGCguugUACUCUGaCUCUGaCUGUCGUCAUCGCUAGCUAGUCauCG
test25,ACGAUCGAUGCGCGGCGGCGUAUGCUGUAGCGUAUGCGAUGCA,UUGAAGAGGAGCAGAAACGGUUCUGAUU,UGGCAUCUCCAACA,GGGACGGGCCAUCAUCUAUCCCUGAAGAGACGAAGGCUUCGGCCAAGUCGAAACGGAAACGUCGGAUAGUCGCCCGUCCC,UGUUGGAGAUGCCA,GGAGCGCGCGUCCGG,GAGCUUCAGCAGCUaCGugACguuCgagugggguCAugUgguUGCguugUACUCUGaCUCUGaCUGUCGUCAUCGCUAGCUAGUCauCG
test26,ACGAUCGAUGCGCGGCGGCGUAUGCUGUAGCGUAUGCGAUGCA,CGCAUUAAAUACUAUCCAAGUGGAGUCGU,CUAGGUGCUU,GGGACGGGCCAUCAUCUAUCCCUGAAGAGACGAAGGCUUCGGCCAAGUCGAAACGGAAACGUCGGAUAGUCGCCCGUCCC,AAGCACCUAG,UCCGUGAUAAGUAAGGUCUUUCUGUUAGG,GAGCUUCAGCAGCUaCGugACguuCgagugggguCAugUgguUGCguugUACUCUGaCUCUGaCUGUCGUCAUCGCUAGCUAGUCauCG
test27,ACGAUCGAUGCGCGGCGGCGUAUGCUGUAGCGUAUGCGAUGCA,UACGACGGUCUGUGAAUGAUAAGGA,AGGCAGAGGGCGAU,GGGACGGGCCAUCAUCUAUCCCUGAAGAGACGAAGGCUUCGGCCAAGUCGAAACGGAAACGUCGGAUAGUCGCCCGUCCC,AUCGCCCUCUGCCU,UGGAAACCGUUGCAGUAGCACCUUAC,GAGCUUCAGCAGCUaCGugACguuCgagugggguCAugUgguUGCguugUACUCUGaCUCUGaCUGUCGUCAUCGCUAGCUAGUCauCG
test28,ACGAUCGAUGCGCGGCGGCGUAUGCUGUAGCGUAUGCGAUGCA,GACGCUUACAAGUCCGC,AGGUACUGAAAGAU,GGGACGGGCCAUCAUCUAUCCCUGAAGAGACGAAGGCUUCGGCCAAGUCGAAACGGAAACGUCGGAUAGUCGCCCGUCCC,AUCUUUCAGUACCU,AUAAAACGUUGAGAAGUUCCACAAACC,GAGCUUCAGCAGCUaCGugACguuCgagugggguCAugUgguUGCguugUACUCUGaCUCUGaCUGUCGUCAUCGCUAGCUAGUCauCG
test29,ACGAUCGAUGCGCGGCGGCGUAUGCUGUAGCGUAUGCGAUGCA,GAUGAAUUGCGUCACGGUCGGU,AUAUAUAGGCAAA,GGGACGGGCCAUCAUCUAUCCCUGAAGAGACGAAGGCUUCGGCCAAGUCGAAACGGAAACGUCGGAUAGUCGCCCGUCCC,UUUGCCUAUAUAU,CCAAAUGAACUGUAAGCCGCGUAAA,GAGCUUCAGCAGCUaCGugACguuCgagugggguCAugUgguUGCguugUACUCUGaCUCUGaCUGUCGUCAUCGCUAGCUAGUCauCG
